Section,Year,month,Amount,Number of people,average
AS-IW,2019,1,86326.53,9,9591.84
Board cut,2019,1,101727.38,12,8477.28
Panel EW,2019,1,67446.33,9,7494.04
Bathroom,2019,1,63831.53,9,7092.39
SL-IW,2019,1,47915.65,9,5323.96
Window,2019,1,73318.24,9,8146.47
FL&CL,2019,1,63055.52,6,10509.25
Forklift,2019,1,36759.24,7,5251.32
SL-EW,2019,1,37408.01,8,4676.0
EE,2019,1,59779.36,7,8539.91
AS-EW,2019,1,88516.39,9,9835.15
Floor Board,2019,1,58385.17,7,8340.74
AS-IW,2019,2,78204.01,10,7820.4
Board cut,2019,2,88733.1,11,8066.65
Panel EW,2019,2,63697.73,8,7962.22
Bathroom,2019,2,49522.57,10,4952.26
SL-IW,2019,2,49509.64,7,7072.81
Window,2019,2,79321.2,8,9915.15
FL&CL,2019,2,61470.37,6,10245.06
Forklift,2019,2,38079.32,8,4759.91
SL-EW,2019,2,46937.05,8,5867.13
EE,2019,2,63065.48,8,7883.19
AS-EW,2019,2,69056.99,8,8632.12
Floor Board,2019,2,53911.17,10,5391.12
AS-IW,2019,3,82044.21,7,11720.6
Board cut,2019,3,95837.0,10,9583.7
Panel EW,2019,3,62010.97,10,6201.1
Bathroom,2019,3,58348.5,9,6483.17
SL-IW,2019,3,43649.69,8,5456.21
Window,2019,3,75015.08,10,7501.51
FL&CL,2019,3,56242.45,8,7030.31
Forklift,2019,3,38569.49,7,5509.93
SL-EW,2019,3,46605.15,9,5178.35
EE,2019,3,62162.94,10,6216.29
AS-EW,2019,3,78674.82,9,8741.65
Floor Board,2019,3,57808.37,10,5780.84
AS-IW,2019,4,81255.35,11,7386.85
Board cut,2019,4,79920.59,11,7265.51
Panel EW,2019,4,67823.84,8,8477.98
Bathroom,2019,4,53683.38,6,8947.23
SL-IW,2019,4,48272.59,9,5363.62
Window,2019,4,83253.3,9,9250.37
FL&CL,2019,4,55366.22,8,6920.78
Forklift,2019,4,51540.85,8,6442.61
SL-EW,2019,4,39327.69,8,4915.96
EE,2019,4,64341.84,10,6434.18
AS-EW,2019,4,73715.8,9,8190.64
Floor Board,2019,4,54322.35,7,7760.34
AS-IW,2019,5,85122.97,10,8512.3
Board cut,2019,5,97871.93,10,9787.19
Panel EW,2019,5,60359.03,8,7544.88
Bathroom,2019,5,52299.96,7,7471.42
SL-IW,2019,5,49764.79,9,5529.42
Window,2019,5,87415.87,9,9712.87
FL&CL,2019,5,63149.05,8,7893.63
Forklift,2019,5,35596.12,8,4449.52
SL-EW,2019,5,43846.38,11,3986.03
EE,2019,5,64073.33,9,7119.26
AS-EW,2019,5,79514.23,8,9939.28
Floor Board,2019,5,64836.94,9,7204.1
AS-IW,2019,6,85476.19,8,10684.52
Board cut,2019,6,103186.77,8,12898.35
Panel EW,2019,6,70211.14,11,6382.83
Bathroom,2019,6,46706.78,8,5838.35
SL-IW,2019,6,49737.91,7,7105.42
Window,2019,6,64406.02,9,7156.22
FL&CL,2019,6,53296.18,9,5921.8
Forklift,2019,6,40113.45,10,4011.35
SL-EW,2019,6,37420.48,7,5345.78
EE,2019,6,68061.1,7,9723.01
AS-EW,2019,6,78584.76,11,7144.07
Floor Board,2019,6,46515.1,9,5168.34
AS-IW,2019,7,73693.05,10,7369.3
Board cut,2019,7,77257.05,8,9657.13
Panel EW,2019,7,62720.4,9,6968.93
Bathroom,2019,7,48546.71,9,5394.08
SL-IW,2019,7,39827.35,8,4978.42
Window,2019,7,67619.68,8,8452.46
FL&CL,2019,7,64510.9,9,7167.88
Forklift,2019,7,33623.43,9,3735.94
SL-EW,2019,7,31786.91,9,3531.88
EE,2019,7,63404.07,8,7925.51
AS-EW,2019,7,74777.76,10,7477.78
Floor Board,2019,7,55112.36,11,5010.21
AS-IW,2019,8,60577.36,9,6730.82
Board cut,2019,8,67503.85,9,7500.43
Panel EW,2019,8,50795.83,9,5643.98
Bathroom,2019,8,42127.33,9,4680.81
SL-IW,2019,8,37847.39,10,3784.74
Window,2019,8,55066.12,12,4588.84
FL&CL,2019,8,49616.82,8,6202.1
Forklift,2019,8,28646.21,9,3182.91
SL-EW,2019,8,31032.97,9,3448.11
EE,2019,8,51400.05,9,5711.12
AS-EW,2019,8,54271.12,7,7753.02
Floor Board,2019,8,40485.91,9,4498.43
AS-IW,2019,9,58842.06,8,7355.26
Board cut,2019,9,68606.59,11,6236.96
Panel EW,2019,9,42244.36,9,4693.82
Bathroom,2019,9,37886.75,7,5412.39
SL-IW,2019,9,37181.72,9,4131.3
Window,2019,9,59050.81,10,5905.08
FL&CL,2019,9,34276.48,7,4896.64
Forklift,2019,9,35622.71,9,3958.08
SL-EW,2019,9,33120.29,12,2760.02
EE,2019,9,48470.34,10,4847.03
AS-EW,2019,9,60779.01,10,6077.9
Floor Board,2019,9,38148.38,9,4238.71
AS-IW,2019,10,57412.74,9,6379.19
Board cut,2019,10,69928.76,10,6992.88
Panel EW,2019,10,65146.39,7,9306.63
Bathroom,2019,10,44584.75,6,7430.79
SL-IW,2019,10,34937.79,9,3881.98
Window,2019,10,57039.75,8,7129.97
FL&CL,2019,10,41570.99,9,4619.0
Forklift,2019,10,30689.36,8,3836.17
SL-EW,2019,10,32647.18,7,4663.88
EE,2019,10,61424.29,9,6824.92
AS-EW,2019,10,47201.02,10,4720.1
Floor Board,2019,10,39194.28,9,4354.92
AS-IW,2019,11,67378.63,9,7486.51
Board cut,2019,11,87708.67,11,7973.52
Panel EW,2019,11,52386.97,8,6548.37
Bathroom,2019,11,44194.08,7,6313.44
SL-IW,2019,11,54500.23,9,6055.58
Window,2019,11,58295.95,10,5829.59
FL&CL,2019,11,66049.19,10,6604.92
Forklift,2019,11,31655.03,7,4522.15
SL-EW,2019,11,45236.47,7,6462.35
EE,2019,11,59115.42,10,5911.54
AS-EW,2019,11,63435.92,9,7048.44
Floor Board,2019,11,30732.4,7,4390.34
AS-IW,2019,12,79214.59,8,9901.82
Board cut,2019,12,104564.47,8,13070.56
Panel EW,2019,12,64049.73,9,7116.64
Bathroom,2019,12,61297.64,7,8756.81
SL-IW,2019,12,56118.98,8,7014.87
Window,2019,12,67820.95,10,6782.09
FL&CL,2019,12,60864.36,8,7608.04
Forklift,2019,12,46048.81,7,6578.4
SL-EW,2019,12,42801.1,9,4755.68
EE,2019,12,72696.1,7,10385.16
AS-EW,2019,12,90018.2,7,12859.74
Floor Board,2019,12,55249.29,9,6138.81
AS-IW,2020,1,87532.59,9,9725.84
Board cut,2020,1,99527.75,9,11058.64
Panel EW,2020,1,67380.6,10,6738.06
Bathroom,2020,1,58129.03,7,8304.15
SL-IW,2020,1,57652.07,8,7206.51
Window,2020,1,83258.89,10,8325.89
FL&CL,2020,1,58477.89,8,7309.74
Forklift,2020,1,53005.77,9,5889.53
SL-EW,2020,1,44664.14,8,5583.02
EE,2020,1,74850.31,8,9356.29
AS-EW,2020,1,85396.76,9,9488.53
Floor Board,2020,1,58413.31,10,5841.33
AS-IW,2020,2,88866.92,10,8886.69
Board cut,2020,2,106341.1,10,10634.11
Panel EW,2020,2,73412.32,8,9176.54
Bathroom,2020,2,56671.79,8,7083.97
SL-IW,2020,2,51660.32,9,5740.04
Window,2020,2,71708.19,12,5975.68
FL&CL,2020,2,55987.6,7,7998.23
Forklift,2020,2,54378.55,9,6042.06
SL-EW,2020,2,47526.15,9,5280.68
EE,2020,2,65598.67,8,8199.83
AS-EW,2020,2,80720.79,8,10090.1
Floor Board,2020,2,64225.97,8,8028.25
AS-IW,2020,3,77428.99,9,8603.22
Board cut,2020,3,99186.86,9,11020.76
Panel EW,2020,3,63121.35,9,7013.48
Bathroom,2020,3,55197.17,8,6899.65
SL-IW,2020,3,47319.32,8,5914.92
Window,2020,3,66529.82,7,9504.26
FL&CL,2020,3,56580.36,8,7072.54
Forklift,2020,3,48429.17,10,4842.92
SL-EW,2020,3,48127.86,8,6015.98
EE,2020,3,64358.75,7,9194.11
AS-EW,2020,3,78689.07,9,8743.23
Floor Board,2020,3,59245.51,7,8463.64
AS-IW,2020,4,87030.5,11,7911.86
Board cut,2020,4,97855.67,11,8895.97
Panel EW,2020,4,73461.47,8,9182.68
Bathroom,2020,4,56071.35,8,7008.92
SL-IW,2020,4,51664.4,7,7380.63
Window,2020,4,76764.57,10,7676.46
FL&CL,2020,4,70730.56,10,7073.06
Forklift,2020,4,60348.98,7,8621.28
SL-EW,2020,4,49015.36,8,6126.92
EE,2020,4,78810.97,8,9851.37
AS-EW,2020,4,75227.64,9,8358.63
Floor Board,2020,4,45631.87,8,5703.98
AS-IW,2020,5,81291.84,10,8129.18
Board cut,2020,5,102827.02,12,8568.92
Panel EW,2020,5,76619.33,8,9577.42
Bathroom,2020,5,50596.45,9,5621.83
SL-IW,2020,5,44333.08,10,4433.31
Window,2020,5,85458.35,9,9495.37
FL&CL,2020,5,53173.06,10,5317.31
Forklift,2020,5,47834.77,9,5314.97
SL-EW,2020,5,35222.98,7,5031.85
EE,2020,5,67215.79,9,7468.42
AS-EW,2020,5,79413.78,10,7941.38
Floor Board,2020,5,53313.68,8,6664.21
AS-IW,2020,6,83873.67,10,8387.37
Board cut,2020,6,101882.79,9,11320.31
Panel EW,2020,6,59486.01,10,5948.6
Bathroom,2020,6,56223.38,7,8031.91
SL-IW,2020,6,59921.11,8,7490.14
Window,2020,6,82997.08,9,9221.9
FL&CL,2020,6,73824.59,11,6711.33
Forklift,2020,6,45505.12,9,5056.12
SL-EW,2020,6,47255.86,9,5250.65
EE,2020,6,59285.86,10,5928.59
AS-EW,2020,6,85887.15,7,12269.59
Floor Board,2020,6,50745.25,6,8457.54
AS-IW,2020,7,72681.32,10,7268.13
Board cut,2020,7,96233.25,10,9623.33
Panel EW,2020,7,71148.11,7,10164.02
Bathroom,2020,7,38234.77,8,4779.35
SL-IW,2020,7,47529.12,8,5941.14
Window,2020,7,55432.43,9,6159.16
FL&CL,2020,7,47088.92,9,5232.1
Forklift,2020,7,44193.98,7,6313.43
SL-EW,2020,7,35680.85,7,5097.26
EE,2020,7,57770.0,10,5777.0
AS-EW,2020,7,65153.07,10,6515.31
Floor Board,2020,7,48503.85,7,6929.12
AS-IW,2020,8,63269.0,8,7908.62
Board cut,2020,8,71704.27,9,7967.14
Panel EW,2020,8,64584.54,9,7176.06
Bathroom,2020,8,37482.85,9,4164.76
SL-IW,2020,8,38228.49,8,4778.56
Window,2020,8,62038.69,10,6203.87
FL&CL,2020,8,44055.69,8,5506.96
Forklift,2020,8,34473.4,5,6894.68
SL-EW,2020,8,24253.82,9,2694.87
EE,2020,8,59887.25,8,7485.91
AS-EW,2020,8,64591.78,10,6459.18
Floor Board,2020,8,62933.24,10,6293.32
AS-IW,2020,9,58516.72,8,7314.59
Board cut,2020,9,59955.85,10,5995.58
Panel EW,2020,9,44435.82,7,6347.97
Bathroom,2020,9,34784.19,7,4969.17
SL-IW,2020,9,46208.9,9,5134.32
Window,2020,9,54081.24,11,4916.48
FL&CL,2020,9,44282.98,8,5535.37
Forklift,2020,9,42647.22,9,4738.58
SL-EW,2020,9,24707.42,8,3088.43
EE,2020,9,41142.64,7,5877.52
AS-EW,2020,9,62263.72,12,5188.64
Floor Board,2020,9,32849.79,9,3649.98
AS-IW,2020,10,60007.33,9,6667.48
Board cut,2020,10,71471.81,9,7941.31
Panel EW,2020,10,53087.32,8,6635.92
Bathroom,2020,10,43303.95,8,5412.99
SL-IW,2020,10,37468.77,7,5352.68
Window,2020,10,54893.06,10,5489.31
FL&CL,2020,10,50244.2,7,7177.74
Forklift,2020,10,36719.7,9,4079.97
SL-EW,2020,10,23328.53,8,2916.07
EE,2020,10,46041.7,9,5115.74
AS-EW,2020,10,56552.88,7,8078.98
Floor Board,2020,10,34694.7,8,4336.84
AS-IW,2020,11,75856.1,8,9482.01
Board cut,2020,11,91050.67,8,11381.33
Panel EW,2020,11,60979.93,7,8711.42
Bathroom,2020,11,44544.05,8,5568.01
SL-IW,2020,11,40062.24,8,5007.78
Window,2020,11,73874.84,8,9234.36
FL&CL,2020,11,59929.89,7,8561.41
Forklift,2020,11,45173.21,10,4517.32
SL-EW,2020,11,23934.18,7,3419.17
EE,2020,11,61608.51,8,7701.06
AS-EW,2020,11,73294.3,9,8143.81
Floor Board,2020,11,52204.94,8,6525.62
AS-IW,2020,12,90158.59,10,9015.86
Board cut,2020,12,99638.72,10,9963.87
Panel EW,2020,12,65765.06,8,8220.63
Bathroom,2020,12,56596.21,8,7074.53
SL-IW,2020,12,52352.85,11,4759.35
Window,2020,12,81148.05,9,9016.45
FL&CL,2020,12,68667.38,8,8583.42
Forklift,2020,12,34770.15,7,4967.16
SL-EW,2020,12,32158.85,7,4594.12
EE,2020,12,65185.91,11,5925.99
AS-EW,2020,12,81498.16,9,9055.35
Floor Board,2020,12,62821.23,6,10470.21
AS-IW,2021,1,89760.71,10,8976.07
Board cut,2021,1,94840.21,11,8621.84
Panel EW,2021,1,75013.3,8,9376.66
Bathroom,2021,1,61414.32,11,5583.12
SL-IW,2021,1,54867.65,8,6858.46
Window,2021,1,77908.51,8,9738.56
FL&CL,2021,1,70281.99,8,8785.25
Forklift,2021,1,50364.67,7,7194.95
SL-EW,2021,1,48967.98,8,6121.0
EE,2021,1,75366.39,8,9420.8
AS-EW,2021,1,82886.6,8,10360.83
Floor Board,2021,1,58793.04,9,6532.56
AS-IW,2021,2,90900.46,8,11362.56
Board cut,2021,2,106595.04,12,8882.92
Panel EW,2021,2,73820.26,11,6710.93
Bathroom,2021,2,51678.04,7,7382.58
SL-IW,2021,2,41893.74,10,4189.37
Window,2021,2,82775.29,9,9197.25
FL&CL,2021,2,65510.03,7,9358.58
Forklift,2021,2,63485.85,8,7935.73
SL-EW,2021,2,45712.99,9,5079.22
EE,2021,2,70470.99,9,7830.11
AS-EW,2021,2,77860.96,10,7786.1
Floor Board,2021,2,71367.65,10,7136.76
AS-IW,2021,3,94340.57,9,10482.29
Board cut,2021,3,93588.42,10,9358.84
Panel EW,2021,3,70371.2,10,7037.12
Bathroom,2021,3,45137.46,10,4513.75
SL-IW,2021,3,50658.05,8,6332.26
Window,2021,3,71336.52,7,10190.93
FL&CL,2021,3,67603.57,9,7511.51
Forklift,2021,3,40180.18,6,6696.7
SL-EW,2021,3,42219.09,10,4221.91
EE,2021,3,64793.15,7,9256.16
AS-EW,2021,3,79620.84,9,8846.76
Floor Board,2021,3,42797.08,8,5349.64
AS-IW,2021,4,84972.92,10,8497.29
Board cut,2021,4,112471.14,11,10224.65
Panel EW,2021,4,69726.32,8,8715.79
Bathroom,2021,4,71760.94,8,8970.12
SL-IW,2021,4,52649.64,8,6581.2
Window,2021,4,80037.6,9,8893.07
FL&CL,2021,4,60388.24,8,7548.53
Forklift,2021,4,48614.82,7,6944.97
SL-EW,2021,4,40779.55,8,5097.44
EE,2021,4,66055.07,11,6005.01
AS-EW,2021,4,66697.99,11,6063.45
Floor Board,2021,4,67552.01,6,11258.67
AS-IW,2021,5,86290.9,9,9587.88
Board cut,2021,5,95266.65,9,10585.18
Panel EW,2021,5,66318.87,11,6028.99
Bathroom,2021,5,63231.7,10,6323.17
SL-IW,2021,5,58106.48,7,8300.93
Window,2021,5,77517.55,10,7751.76
FL&CL,2021,5,57967.21,9,6440.8
Forklift,2021,5,48493.32,8,6061.67
SL-EW,2021,5,50359.86,8,6294.98
EE,2021,5,66975.35,10,6697.54
AS-EW,2021,5,78019.47,10,7801.95
Floor Board,2021,5,65017.41,8,8127.18
AS-IW,2021,6,87530.6,8,10941.32
Board cut,2021,6,106000.36,10,10600.04
Panel EW,2021,6,67555.06,10,6755.51
Bathroom,2021,6,51582.94,7,7368.99
SL-IW,2021,6,42748.62,9,4749.85
Window,2021,6,70450.02,11,6404.55
FL&CL,2021,6,50758.62,11,4614.42
Forklift,2021,6,49633.9,8,6204.24
SL-EW,2021,6,41377.69,8,5172.21
EE,2021,6,66744.99,10,6674.5
AS-EW,2021,6,82538.57,9,9170.95
Floor Board,2021,6,57347.93,8,7168.49
AS-IW,2021,7,78308.59,7,11186.94
Board cut,2021,7,81670.36,11,7424.58
Panel EW,2021,7,64189.27,9,7132.14
Bathroom,2021,7,49976.98,9,5553.0
SL-IW,2021,7,43303.39,7,6186.2
Window,2021,7,70988.0,8,8873.5
FL&CL,2021,7,58964.74,7,8423.53
Forklift,2021,7,49392.46,9,5488.05
SL-EW,2021,7,41429.28,9,4603.25
EE,2021,7,69832.5,10,6983.25
AS-EW,2021,7,62092.1,8,7761.51
Floor Board,2021,7,49441.89,8,6180.24
AS-IW,2021,8,68878.63,9,7653.18
Board cut,2021,8,78332.0,9,8703.56
Panel EW,2021,8,50664.84,7,7237.83
Bathroom,2021,8,37355.82,7,5336.55
SL-IW,2021,8,34180.3,9,3797.81
Window,2021,8,54356.92,12,4529.74
FL&CL,2021,8,51574.49,9,5730.5
Forklift,2021,8,32025.71,9,3558.41
SL-EW,2021,8,30862.35,8,3857.79
EE,2021,8,66834.77,9,7426.09
AS-EW,2021,8,69808.63,8,8726.08
Floor Board,2021,8,45544.97,11,4140.45
AS-IW,2021,9,57249.15,12,4770.76
Board cut,2021,9,75868.06,9,8429.78
Panel EW,2021,9,54194.8,10,5419.48
Bathroom,2021,9,43520.61,6,7253.43
SL-IW,2021,9,32774.28,8,4096.78
Window,2021,9,55259.05,10,5525.9
FL&CL,2021,9,46161.26,7,6594.47
Forklift,2021,9,36765.64,9,4085.07
SL-EW,2021,9,35190.54,9,3910.06
EE,2021,9,52751.23,9,5861.25
AS-EW,2021,9,57937.31,7,8276.76
Floor Board,2021,9,45020.11,9,5002.23
AS-IW,2021,10,67402.14,8,8425.27
Board cut,2021,10,70725.06,11,6429.55
Panel EW,2021,10,54096.62,10,5409.66
Bathroom,2021,10,43065.13,8,5383.14
SL-IW,2021,10,45665.24,7,6523.61
Window,2021,10,60630.03,9,6736.67
FL&CL,2021,10,46007.61,8,5750.95
Forklift,2021,10,38508.66,7,5501.24
SL-EW,2021,10,41850.71,7,5978.67
EE,2021,10,50353.03,8,6294.13
AS-EW,2021,10,71594.86,10,7159.49
Floor Board,2021,10,51945.97,7,7420.85
AS-IW,2021,11,78064.08,11,7096.73
Board cut,2021,11,90253.18,11,8204.83
Panel EW,2021,11,60060.34,11,5460.03
Bathroom,2021,11,63659.76,8,7957.47
SL-IW,2021,11,43868.93,10,4386.89
Window,2021,11,79290.36,9,8810.04
FL&CL,2021,11,53994.1,8,6749.26
Forklift,2021,11,35150.82,7,5021.55
SL-EW,2021,11,33868.26,7,4838.32
EE,2021,11,59631.54,9,6625.73
AS-EW,2021,11,82440.35,8,10305.04
Floor Board,2021,11,59096.73,8,7387.09
AS-IW,2021,12,85277.02,10,8527.7
Board cut,2021,12,93719.87,11,8519.99
Panel EW,2021,12,71690.11,9,7965.57
Bathroom,2021,12,57544.01,11,5231.27
SL-IW,2021,12,48261.96,7,6894.57
Window,2021,12,74393.76,8,9299.22
FL&CL,2021,12,59425.88,10,5942.59
Forklift,2021,12,56890.83,7,8127.26
SL-EW,2021,12,39653.07,8,4956.63
EE,2021,12,63657.46,9,7073.05
AS-EW,2021,12,83070.74,7,11867.25
Floor Board,2021,12,68814.63,11,6255.88
AS-IW,2022,1,87170.68,9,9685.63
Board cut,2022,1,108362.15,10,10836.22
Panel EW,2022,1,78999.13,11,7181.74
Bathroom,2022,1,58186.63,7,8312.38
SL-IW,2022,1,47022.51,7,6717.5
Window,2022,1,82748.88,11,7522.63
FL&CL,2022,1,64042.42,9,7115.82
Forklift,2022,1,51250.0,9,5694.44
SL-EW,2022,1,62560.24,7,8937.18
EE,2022,1,68161.34,10,6816.13
AS-EW,2022,1,90988.87,12,7582.41
Floor Board,2022,1,66701.77,8,8337.72
AS-IW,2022,2,92346.57,11,8395.14
Board cut,2022,2,109169.47,11,9924.5
Panel EW,2022,2,79758.75,10,7975.87
Bathroom,2022,2,66207.72,9,7356.41
SL-IW,2022,2,53051.07,8,6631.38
Window,2022,2,88319.72,8,11039.97
FL&CL,2022,2,67848.77,8,8481.1
Forklift,2022,2,50365.26,9,5596.14
SL-EW,2022,2,47478.41,8,5934.8
EE,2022,2,61338.58,10,6133.86
AS-EW,2022,2,88814.56,12,7401.21
Floor Board,2022,2,59929.08,9,6658.79
AS-IW,2022,3,88677.23,11,8061.57
Board cut,2022,3,101771.05,10,10177.11
Panel EW,2022,3,75666.4,9,8407.38
Bathroom,2022,3,54178.52,8,6772.32
SL-IW,2022,3,59508.44,7,8501.21
Window,2022,3,80397.79,8,10049.72
FL&CL,2022,3,71608.35,7,10229.76
Forklift,2022,3,45922.64,8,5740.33
SL-EW,2022,3,54878.84,8,6859.86
EE,2022,3,64897.35,11,5899.76
AS-EW,2022,3,74702.37,7,10671.77
Floor Board,2022,3,63287.69,8,7910.96
AS-IW,2022,4,82675.24,10,8267.52
Board cut,2022,4,105709.38,9,11745.49
Panel EW,2022,4,65676.87,10,6567.69
Bathroom,2022,4,61815.97,8,7727.0
SL-IW,2022,4,65133.6,7,9304.8
Window,2022,4,71927.52,8,8990.94
FL&CL,2022,4,65363.22,9,7262.58
Forklift,2022,4,48745.38,8,6093.17
SL-EW,2022,4,38822.57,10,3882.26
EE,2022,4,69004.81,10,6900.48
AS-EW,2022,4,86998.01,10,8699.8
Floor Board,2022,4,65194.35,9,7243.82
AS-IW,2022,5,94703.75,11,8609.43
Board cut,2022,5,107826.09,11,9802.37
Panel EW,2022,5,74509.45,11,6773.59
Bathroom,2022,5,55189.96,10,5519.0
SL-IW,2022,5,55057.48,6,9176.25
Window,2022,5,83716.26,8,10464.53
FL&CL,2022,5,72191.95,8,9023.99
Forklift,2022,5,48671.44,6,8111.91
SL-EW,2022,5,44684.81,5,8936.96
EE,2022,5,61594.56,10,6159.46
AS-EW,2022,5,91612.33,10,9161.23
Floor Board,2022,5,57396.34,8,7174.54
AS-IW,2022,6,87974.08,8,10996.76
Board cut,2022,6,112319.69,11,10210.88
Panel EW,2022,6,71366.31,9,7929.59
Bathroom,2022,6,58638.8,6,9773.13
SL-IW,2022,6,52079.54,7,7439.93
Window,2022,6,74334.18,9,8259.35
FL&CL,2022,6,75826.42,9,8425.16
Forklift,2022,6,46309.63,9,5145.51
SL-EW,2022,6,54306.93,9,6034.1
EE,2022,6,69223.98,8,8653.0
AS-EW,2022,6,88359.14,10,8835.91
Floor Board,2022,6,66585.56,9,7398.4
AS-IW,2022,7,84923.1,9,9435.9
Board cut,2022,7,100204.2,10,10020.42
Panel EW,2022,7,77403.3,8,9675.41
Bathroom,2022,7,61693.47,8,7711.68
SL-IW,2022,7,43950.67,8,5493.83
Window,2022,7,69866.68,10,6986.67
FL&CL,2022,7,61251.73,8,7656.47
Forklift,2022,7,44294.53,11,4026.78
SL-EW,2022,7,51387.41,8,6423.43
EE,2022,7,61761.25,9,6862.36
AS-EW,2022,7,78888.38,8,9861.05
Floor Board,2022,7,53151.94,6,8858.66
AS-IW,2022,8,70029.5,10,7002.95
Board cut,2022,8,76497.51,12,6374.79
Panel EW,2022,8,48517.11,7,6931.02
Bathroom,2022,8,45455.95,10,4545.59
SL-IW,2022,8,51272.19,8,6409.02
Window,2022,8,68225.02,9,7580.56
FL&CL,2022,8,48954.7,10,4895.47
Forklift,2022,8,42141.94,6,7023.66
SL-EW,2022,8,44146.63,9,4905.18
EE,2022,8,49177.71,9,5464.19
AS-EW,2022,8,67657.73,10,6765.77
Floor Board,2022,8,43748.02,8,5468.5
AS-IW,2022,9,62584.35,11,5689.49
Board cut,2022,9,76910.18,10,7691.02
Panel EW,2022,9,56456.97,5,11291.39
Bathroom,2022,9,47808.47,6,7968.08
SL-IW,2022,9,36013.5,7,5144.79
Window,2022,9,49514.14,11,4501.29
FL&CL,2022,9,43565.12,9,4840.57
Forklift,2022,9,35178.9,9,3908.77
SL-EW,2022,9,33193.63,6,5532.27
EE,2022,9,55076.65,8,6884.58
AS-EW,2022,9,50670.46,9,5630.05
Floor Board,2022,9,52648.16,9,5849.8
AS-IW,2022,10,65542.25,9,7282.47
Board cut,2022,10,77466.81,13,5958.99
Panel EW,2022,10,58163.31,9,6462.59
Bathroom,2022,10,50290.94,9,5587.88
SL-IW,2022,10,39614.37,8,4951.8
Window,2022,10,61323.32,9,6813.7
FL&CL,2022,10,54356.25,9,6039.58
Forklift,2022,10,42623.85,8,5327.98
SL-EW,2022,10,35759.2,5,7151.84
EE,2022,10,58429.05,9,6492.12
AS-EW,2022,10,70681.61,6,11780.27
Floor Board,2022,10,59580.1,8,7447.51
AS-IW,2022,11,85274.88,8,10659.36
Board cut,2022,11,95976.48,9,10664.05
Panel EW,2022,11,61209.12,11,5564.47
Bathroom,2022,11,50133.59,9,5570.4
SL-IW,2022,11,53079.58,9,5897.73
Window,2022,11,72691.28,10,7269.13
FL&CL,2022,11,72535.21,8,9066.9
Forklift,2022,11,45647.26,9,5071.92
SL-EW,2022,11,47655.31,9,5295.03
EE,2022,11,65365.61,7,9337.94
AS-EW,2022,11,85007.86,8,10625.98
Floor Board,2022,11,56512.01,7,8073.14
AS-IW,2022,12,87610.87,10,8761.09
Board cut,2022,12,105227.44,11,9566.13
Panel EW,2022,12,82374.37,9,9152.71
Bathroom,2022,12,55923.56,9,6213.73
SL-IW,2022,12,60699.42,7,8671.35
Window,2022,12,83928.3,10,8392.83
FL&CL,2022,12,63254.92,10,6325.49
Forklift,2022,12,48836.37,8,6104.55
SL-EW,2022,12,44872.37,8,5609.05
EE,2022,12,62288.55,7,8898.36
AS-EW,2022,12,93736.83,8,11717.1
Floor Board,2022,12,55266.05,6,9211.01
AS-IW,2023,1,89514.03,8,11189.25
Board cut,2023,1,119434.29,11,10857.66
Panel EW,2023,1,72984.5,12,6082.04
Bathroom,2023,1,66769.59,8,8346.2
SL-IW,2023,1,41823.97,11,3802.18
Window,2023,1,76893.17,7,10984.74
FL&CL,2023,1,75131.62,11,6830.15
Forklift,2023,1,61067.44,9,6785.27
SL-EW,2023,1,52271.73,9,5807.97
EE,2023,1,77608.37,9,8623.15
AS-EW,2023,1,89914.41,9,9990.49
Floor Board,2023,1,60413.81,8,7551.73
AS-IW,2023,2,81089.01,9,9009.89
Board cut,2023,2,101184.2,9,11242.69
Panel EW,2023,2,76457.11,11,6950.65
Bathroom,2023,2,65018.65,6,10836.44
SL-IW,2023,2,49603.73,9,5511.53
Window,2023,2,77417.32,9,8601.92
FL&CL,2023,2,70743.56,7,10106.22
Forklift,2023,2,52206.5,6,8701.08
SL-EW,2023,2,43998.79,8,5499.85
EE,2023,2,61852.54,9,6872.5
AS-EW,2023,2,87161.67,10,8716.17
Floor Board,2023,2,64819.48,10,6481.95
AS-IW,2023,3,90331.75,9,10036.86
Board cut,2023,3,105893.39,11,9626.67
Panel EW,2023,3,74294.36,9,8254.93
Bathroom,2023,3,54210.05,7,7744.29
SL-IW,2023,3,46111.57,10,4611.16
Window,2023,3,74327.62,8,9290.95
FL&CL,2023,3,61901.16,10,6190.12
Forklift,2023,3,48862.7,9,5429.19
SL-EW,2023,3,42696.66,8,5337.08
EE,2023,3,65094.32,11,5917.67
AS-EW,2023,3,78560.01,10,7856.0
Floor Board,2023,3,66119.46,9,7346.61
AS-IW,2023,4,90135.02,9,10015.0
Board cut,2023,4,107378.62,10,10737.86
Panel EW,2023,4,81161.02,12,6763.42
Bathroom,2023,4,56163.8,7,8023.4
SL-IW,2023,4,55011.81,11,5001.07
Window,2023,4,78490.2,11,7135.47
FL&CL,2023,4,77509.45,8,9688.68
Forklift,2023,4,54988.15,10,5498.81
SL-EW,2023,4,45332.23,8,5666.53
EE,2023,4,67920.41,7,9702.92
AS-EW,2023,4,83383.83,8,10422.98
Floor Board,2023,4,63680.5,7,9097.21
AS-IW,2023,5,94750.52,8,11843.81
Board cut,2023,5,111567.48,11,10142.5
Panel EW,2023,5,65150.99,9,7239.0
Bathroom,2023,5,68245.01,7,9749.29
SL-IW,2023,5,66855.83,9,7428.43
Window,2023,5,81000.53,9,9000.06
FL&CL,2023,5,72346.16,9,8038.46
Forklift,2023,5,55994.34,7,7999.19
SL-EW,2023,5,49719.36,6,8286.56
EE,2023,5,72387.44,8,9048.43
AS-EW,2023,5,84876.02,11,7716.0
Floor Board,2023,5,71485.46,9,7942.83
AS-IW,2023,6,83863.72,9,9318.19
Board cut,2023,6,113420.99,10,11342.1
Panel EW,2023,6,88608.78,9,9845.42
Bathroom,2023,6,60120.29,8,7515.04
SL-IW,2023,6,55838.05,8,6979.76
Window,2023,6,86803.85,10,8680.39
FL&CL,2023,6,62114.46,7,8873.49
Forklift,2023,6,40088.37,9,4454.26
SL-EW,2023,6,40554.2,5,8110.84
EE,2023,6,73093.07,12,6091.09
AS-EW,2023,6,86449.97,10,8645.0
Floor Board,2023,6,63390.18,8,7923.77
AS-IW,2023,7,86304.26,9,9589.36
Board cut,2023,7,96444.55,10,9644.46
Panel EW,2023,7,62730.86,10,6273.09
Bathroom,2023,7,51639.24,7,7377.03
SL-IW,2023,7,52395.46,7,7485.07
Window,2023,7,73933.69,9,8214.85
FL&CL,2023,7,66229.57,9,7358.84
Forklift,2023,7,45513.64,9,5057.07
SL-EW,2023,7,50492.45,8,6311.56
EE,2023,7,63288.92,7,9041.27
AS-EW,2023,7,70886.52,9,7876.28
Floor Board,2023,7,52544.53,8,6568.07
AS-IW,2023,8,69835.55,10,6983.56
Board cut,2023,8,81158.86,11,7378.08
Panel EW,2023,8,57796.3,6,9632.72
Bathroom,2023,8,39687.24,8,4960.9
SL-IW,2023,8,35043.53,9,3893.73
Window,2023,8,72637.06,11,6603.37
FL&CL,2023,8,50085.69,10,5008.57
Forklift,2023,8,40172.16,8,5021.52
SL-EW,2023,8,32578.19,7,4654.03
EE,2023,8,52058.84,9,5784.32
AS-EW,2023,8,67437.55,9,7493.06
Floor Board,2023,8,50966.43,10,5096.64
AS-IW,2023,9,70161.72,8,8770.22
Board cut,2023,9,60352.07,11,5486.55
Panel EW,2023,9,45051.93,9,5005.77
Bathroom,2023,9,35021.32,6,5836.89
SL-IW,2023,9,42487.98,9,4720.89
Window,2023,9,55399.74,6,9233.29
FL&CL,2023,9,44370.13,9,4930.01
Forklift,2023,9,27562.93,8,3445.37
SL-EW,2023,9,33541.74,8,4192.72
EE,2023,9,51167.88,8,6395.99
AS-EW,2023,9,68841.03,9,7649.0
Floor Board,2023,9,44680.97,7,6383.0
AS-IW,2023,10,66835.96,8,8354.49
Board cut,2023,10,80544.18,12,6712.01
Panel EW,2023,10,49178.05,7,7025.44
Bathroom,2023,10,54150.27,8,6768.78
SL-IW,2023,10,38287.27,9,4254.14
Window,2023,10,59818.86,11,5438.08
FL&CL,2023,10,55433.91,8,6929.24
Forklift,2023,10,52224.0,7,7460.57
SL-EW,2023,10,40711.17,8,5088.9
EE,2023,10,62198.35,11,5654.4
AS-EW,2023,10,66666.13,8,8333.27
Floor Board,2023,10,51104.63,8,6388.08
AS-IW,2023,11,92870.12,10,9287.01
Board cut,2023,11,92648.27,10,9264.83
Panel EW,2023,11,58656.64,8,7332.08
Bathroom,2023,11,59891.48,7,8555.93
SL-IW,2023,11,42894.93,9,4766.1
Window,2023,11,80878.82,10,8087.88
FL&CL,2023,11,65690.49,8,8211.31
Forklift,2023,11,37132.94,10,3713.29
SL-EW,2023,11,40215.12,7,5745.02
EE,2023,11,71195.96,9,7910.66
AS-EW,2023,11,80012.53,12,6667.71
Floor Board,2023,11,52340.49,10,5234.05
AS-IW,2023,12,90759.68,10,9075.97
Board cut,2023,12,115313.21,11,10483.02
Panel EW,2023,12,77922.58,10,7792.26
Bathroom,2023,12,56778.28,7,8111.18
SL-IW,2023,12,48767.94,6,8127.99
Window,2023,12,94892.44,8,11861.56
FL&CL,2023,12,65502.88,8,8187.86
Forklift,2023,12,52950.04,9,5883.34
SL-EW,2023,12,52337.24,7,7476.75
EE,2023,12,69758.87,9,7750.99
AS-EW,2023,12,84994.25,11,7726.75
Floor Board,2023,12,65845.05,9,7316.12
AS-IW,2024,1,99825.48,11,9075.04
Board cut,2024,1,113603.57,8,14200.45
Panel EW,2024,1,81577.07,8,10197.13
Bathroom,2024,1,59337.99,9,6593.11
SL-IW,2024,1,65772.07,8,8221.51
Window,2024,1,89366.56,11,8124.23
FL&CL,2024,1,72288.83,12,6024.07
Forklift,2024,1,57568.12,6,9594.69
SL-EW,2024,1,54527.8,8,6815.97
EE,2024,1,82750.14,10,8275.01
AS-EW,2024,1,90850.14,8,11356.27
Floor Board,2024,1,65422.86,7,9346.12
AS-IW,2024,2,90207.72,10,9020.77
Board cut,2024,2,120004.35,11,10909.49
Panel EW,2024,2,70221.5,9,7802.39
Bathroom,2024,2,68282.52,8,8535.32
SL-IW,2024,2,56225.11,8,7028.14
Window,2024,2,80834.44,10,8083.44
FL&CL,2024,2,68524.07,9,7613.79
Forklift,2024,2,47630.75,7,6804.39
SL-EW,2024,2,53216.47,7,7602.35
EE,2024,2,83685.06,8,10460.63
AS-EW,2024,2,90965.45,10,9096.54
Floor Board,2024,2,56666.05,6,9444.34
AS-IW,2024,3,82825.94,11,7529.63
Board cut,2024,3,104665.23,13,8051.17
Panel EW,2024,3,72597.89,9,8066.43
Bathroom,2024,3,69239.53,11,6294.5
SL-IW,2024,3,68356.77,10,6835.68
Window,2024,3,90126.0,10,9012.6
FL&CL,2024,3,72655.29,8,9081.91
Forklift,2024,3,47079.43,8,5884.93
SL-EW,2024,3,46968.39,7,6709.77
EE,2024,3,76162.57,10,7616.26
AS-EW,2024,3,88511.19,11,8046.47
Floor Board,2024,3,57135.87,8,7141.98
AS-IW,2024,4,89389.92,7,12769.99
Board cut,2024,4,109488.83,10,10948.88
Panel EW,2024,4,86477.49,10,8647.75
Bathroom,2024,4,54957.61,10,5495.76
SL-IW,2024,4,64355.42,9,7150.6
Window,2024,4,84184.92,8,10523.12
FL&CL,2024,4,67016.52,10,6701.65
Forklift,2024,4,64263.22,10,6426.32
SL-EW,2024,4,45949.09,6,7658.18
EE,2024,4,74168.6,7,10595.51
AS-EW,2024,4,91556.35,9,10172.93
Floor Board,2024,4,62380.03,6,10396.67
AS-IW,2024,5,98929.79,9,10992.2
Board cut,2024,5,105497.94,7,15071.13
Panel EW,2024,5,79013.85,11,7183.08
Bathroom,2024,5,72477.24,8,9059.66
SL-IW,2024,5,54729.1,9,6081.01
Window,2024,5,81523.25,10,8152.32
FL&CL,2024,5,75440.79,10,7544.08
Forklift,2024,5,53574.14,8,6696.77
SL-EW,2024,5,44739.85,7,6391.41
EE,2024,5,73652.75,9,8183.64
AS-EW,2024,5,97162.38,8,12145.3
Floor Board,2024,5,75633.13,8,9454.14
AS-IW,2024,6,92711.3,9,10301.26
Board cut,2024,6,94440.06,11,8585.46
Panel EW,2024,6,81114.56,9,9012.73
Bathroom,2024,6,60949.44,9,6772.16
SL-IW,2024,6,47135.72,7,6733.67
Window,2024,6,89532.09,8,11191.51
FL&CL,2024,6,70381.85,7,10054.55
Forklift,2024,6,55273.08,8,6909.13
SL-EW,2024,6,38747.21,9,4305.25
EE,2024,6,68249.45,8,8531.18
AS-EW,2024,6,90006.42,11,8182.4
Floor Board,2024,6,58489.07,8,7311.13
AS-IW,2024,7,85526.71,10,8552.67
Board cut,2024,7,98439.21,10,9843.92
Panel EW,2024,7,63561.52,9,7062.39
Bathroom,2024,7,47667.48,5,9533.5
SL-IW,2024,7,53112.98,9,5901.44
Window,2024,7,61562.84,8,7695.36
FL&CL,2024,7,65028.61,11,5911.69
Forklift,2024,7,47011.7,7,6715.96
SL-EW,2024,7,42182.87,9,4686.99
EE,2024,7,61044.59,8,7630.57
AS-EW,2024,7,76450.66,8,9556.33
Floor Board,2024,7,58443.02,10,5844.3
AS-IW,2024,8,73295.62,9,8143.96
Board cut,2024,8,82016.21,8,10252.03
Panel EW,2024,8,64245.86,9,7138.43
Bathroom,2024,8,45454.39,12,3787.87
SL-IW,2024,8,45227.3,7,6461.04
Window,2024,8,62594.03,11,5690.37
FL&CL,2024,8,53421.86,7,7631.69
Forklift,2024,8,45847.67,7,6549.67
SL-EW,2024,8,48469.6,9,5385.51
EE,2024,8,53160.79,10,5316.08
AS-EW,2024,8,68661.79,10,6866.18
Floor Board,2024,8,52548.15,7,7506.88
AS-IW,2024,9,62329.83,11,5666.35
Board cut,2024,9,75693.97,10,7569.4
Panel EW,2024,9,48948.89,9,5438.77
Bathroom,2024,9,55543.27,7,7934.75
SL-IW,2024,9,40435.57,10,4043.56
Window,2024,9,59957.53,10,5995.75
FL&CL,2024,9,42549.51,9,4727.72
Forklift,2024,9,36289.51,9,4032.17
SL-EW,2024,9,41658.82,11,3787.17
EE,2024,9,55279.55,9,6142.17
AS-EW,2024,9,64479.56,9,7164.4
Floor Board,2024,9,48076.9,8,6009.61
AS-IW,2024,10,72367.91,11,6578.9
Board cut,2024,10,77727.83,11,7066.17
Panel EW,2024,10,66849.9,9,7427.77
Bathroom,2024,10,33806.14,8,4225.77
SL-IW,2024,10,51216.75,8,6402.09
Window,2024,10,59156.36,9,6572.93
FL&CL,2024,10,57785.96,9,6420.66
Forklift,2024,10,38898.71,8,4862.34
SL-EW,2024,10,34879.27,7,4982.75
EE,2024,10,65536.98,8,8192.12
AS-EW,2024,10,75557.61,11,6868.87
Floor Board,2024,10,55629.62,8,6953.7
AS-IW,2024,11,85376.19,9,9486.24
Board cut,2024,11,91958.35,10,9195.84
Panel EW,2024,11,61452.82,10,6145.28
Bathroom,2024,11,51312.61,8,6414.08
SL-IW,2024,11,52193.35,8,6524.17
Window,2024,11,79260.6,9,8806.73
FL&CL,2024,11,66541.47,7,9505.92
Forklift,2024,11,47645.21,10,4764.52
SL-EW,2024,11,37278.26,7,5325.47
EE,2024,11,68003.82,9,7555.98
AS-EW,2024,11,81450.91,10,8145.09
Floor Board,2024,11,61515.33,10,6151.53
AS-IW,2024,12,95298.41,9,10588.71
Board cut,2024,12,113020.94,12,9418.41
Panel EW,2024,12,75897.7,8,9487.21
Bathroom,2024,12,67189.98,8,8398.75
SL-IW,2024,12,43474.98,9,4830.55
Window,2024,12,81554.53,9,9061.61
FL&CL,2024,12,70612.38,9,7845.82
Forklift,2024,12,56731.21,7,8104.46
SL-EW,2024,12,51516.63,7,7359.52
EE,2024,12,77089.86,9,8565.54
AS-EW,2024,12,83190.37,11,7562.76
Floor Board,2024,12,61368.22,9,6818.69
AS-IW,2025,1,100552.3,12,8379.36
Board cut,2025,1,114111.88,10,11411.19
Panel EW,2025,1,81127.96,8,10140.99
Bathroom,2025,1,68940.03,6,11490.0
SL-IW,2025,1,53542.26,7,7648.89
Window,2025,1,95498.37,11,8681.67
FL&CL,2025,1,72065.73,8,9008.22
Forklift,2025,1,56008.64,9,6223.18
SL-EW,2025,1,45748.18,8,5718.52
EE,2025,1,82819.64,9,9202.18
AS-EW,2025,1,95210.04,11,8655.46
Floor Board,2025,1,52197.01,9,5799.67
AS-IW,2025,2,92210.51,7,13172.93
Board cut,2025,2,115921.31,12,9660.11
Panel EW,2025,2,78591.15,10,7859.12
Bathroom,2025,2,72370.39,10,7237.04
SL-IW,2025,2,68356.72,9,7595.19
Window,2025,2,88228.01,7,12604.0
FL&CL,2025,2,69579.9,8,8697.49
Forklift,2025,2,67362.81,8,8420.35
SL-EW,2025,2,50896.6,8,6362.08
EE,2025,2,75497.67,11,6863.42
AS-EW,2025,2,88219.29,10,8821.93
Floor Board,2025,2,62421.67,7,8917.38
AS-IW,2025,3,90708.74,9,10078.75
Board cut,2025,3,108217.34,9,12024.15
Panel EW,2025,3,69527.65,9,7725.29
Bathroom,2025,3,52523.43,9,5835.94
SL-IW,2025,3,57942.94,6,9657.16
Window,2025,3,84317.2,8,10539.65
FL&CL,2025,3,71673.7,10,7167.37
Forklift,2025,3,42093.82,8,5261.73
SL-EW,2025,3,48280.6,9,5364.51
EE,2025,3,75141.28,8,9392.66
AS-EW,2025,3,88361.58,8,11045.2
Floor Board,2025,3,72111.24,8,9013.91
AS-IW,2025,4,107542.11,9,11949.12
Board cut,2025,4,108603.65,8,13575.46
Panel EW,2025,4,68597.0,7,9799.57
Bathroom,2025,4,64299.48,9,7144.39
SL-IW,2025,4,49029.79,9,5447.75
Window,2025,4,84877.04,9,9430.78
FL&CL,2025,4,80729.6,10,8072.96
Forklift,2025,4,52725.97,7,7532.28
SL-EW,2025,4,37246.48,7,5320.93
EE,2025,4,73969.28,8,9246.16
AS-EW,2025,4,91167.64,9,10129.74
Floor Board,2025,4,65527.36,8,8190.92
AS-IW,2025,5,99360.5,10,9936.05
Board cut,2025,5,108910.28,12,9075.86
Panel EW,2025,5,80652.95,9,8961.44
Bathroom,2025,5,68389.66,9,7598.85
SL-IW,2025,5,65583.17,8,8197.9
Window,2025,5,86121.9,10,8612.19
FL&CL,2025,5,65830.07,9,7314.45
Forklift,2025,5,55388.95,8,6923.62
SL-EW,2025,5,50541.07,6,8423.51
EE,2025,5,73676.1,9,8186.23
AS-EW,2025,5,95031.69,8,11878.96
Floor Board,2025,5,76010.65,7,10858.66
AS-IW,2025,6,101078.14,10,10107.81
Board cut,2025,6,107951.24,12,8995.94
Panel EW,2025,6,71532.38,10,7153.24
Bathroom,2025,6,68130.49,7,9732.93
SL-IW,2025,6,66339.99,8,8292.5
Window,2025,6,88709.96,9,9856.66
FL&CL,2025,6,69604.75,10,6960.47
Forklift,2025,6,58604.33,6,9767.39
SL-EW,2025,6,57527.64,6,9587.94
EE,2025,6,80747.68,10,8074.77
AS-EW,2025,6,84573.8,9,9397.09
Floor Board,2025,6,59634.57,8,7454.32
AS-IW,2025,7,83269.62,10,8326.96
Board cut,2025,7,107782.78,12,8981.9
Panel EW,2025,7,66941.72,9,7437.97
Bathroom,2025,7,45411.0,7,6487.29
SL-IW,2025,7,57599.96,10,5760.0
Window,2025,7,70310.18,8,8788.77
FL&CL,2025,7,62754.74,9,6972.75
Forklift,2025,7,43252.45,8,5406.56
SL-EW,2025,7,41566.26,8,5195.78
EE,2025,7,69891.66,9,7765.74
AS-EW,2025,7,78798.73,9,8755.41
Floor Board,2025,7,58682.22,8,7335.28
AS-IW,2025,8,71665.86,11,6515.08
Board cut,2025,8,89317.83,10,8931.78
Panel EW,2025,8,64666.69,8,8083.34
Bathroom,2025,8,54790.03,9,6087.78
SL-IW,2025,8,43924.05,9,4880.45
Window,2025,8,57426.54,8,7178.32
FL&CL,2025,8,46954.57,9,5217.17
Forklift,2025,8,51779.54,11,4707.23
SL-EW,2025,8,42029.33,8,5253.67
EE,2025,8,46495.19,8,5811.9
AS-EW,2025,8,65308.51,9,7256.5
Floor Board,2025,8,49925.84,8,6240.73
AS-IW,2025,9,56042.05,10,5604.21
Board cut,2025,9,73293.19,10,7329.32
Panel EW,2025,9,68550.55,8,8568.82
Bathroom,2025,9,29112.52,8,3639.07
SL-IW,2025,9,47947.06,10,4794.71
Window,2025,9,54634.65,10,5463.47
FL&CL,2025,9,47408.29,8,5926.04
Forklift,2025,9,54254.41,6,9042.4
SL-EW,2025,9,36957.84,8,4619.73
EE,2025,9,59667.82,9,6629.76
AS-EW,2025,9,66813.2,9,7423.69
Floor Board,2025,9,48861.96,8,6107.75
AS-IW,2025,10,76948.07,9,8549.79
Board cut,2025,10,88214.91,10,8821.49
Panel EW,2025,10,67241.26,9,7471.25
Bathroom,2025,10,37113.09,10,3711.31
SL-IW,2025,10,39133.47,7,5590.5
Window,2025,10,63277.83,11,5752.53
FL&CL,2025,10,41304.08,12,3442.01
Forklift,2025,10,47720.79,8,5965.1
SL-EW,2025,10,37871.66,8,4733.96
EE,2025,10,60428.27,9,6714.25
AS-EW,2025,10,73368.84,9,8152.09
Floor Board,2025,10,49750.67,8,6218.83
AS-IW,2025,11,83948.38,11,7631.67
Board cut,2025,11,103482.27,7,14783.18
Panel EW,2025,11,74250.13,9,8250.01
Bathroom,2025,11,55399.37,8,6924.92
SL-IW,2025,11,58555.53,9,6506.17
Window,2025,11,73079.01,10,7307.9
FL&CL,2025,11,57083.23,7,8154.75
Forklift,2025,11,44349.77,9,4927.75
SL-EW,2025,11,50128.05,8,6266.01
EE,2025,11,70964.52,9,7884.95
AS-EW,2025,11,77568.16,10,7756.82
Floor Board,2025,11,64014.86,9,7112.76
AS-IW,2025,12,102394.88,10,10239.49
Board cut,2025,12,113937.29,11,10357.94
Panel EW,2025,12,78535.07,8,9816.88
Bathroom,2025,12,61148.6,7,8735.51
SL-IW,2025,12,53934.13,8,6741.77
Window,2025,12,82223.28,9,9135.92
FL&CL,2025,12,59048.91,9,6560.99
Forklift,2025,12,53850.63,7,7692.95
SL-EW,2025,12,53657.07,9,5961.9
EE,2025,12,64907.04,8,8113.38
AS-EW,2025,12,86504.75,8,10813.09
Floor Board,2025,12,71245.65,8,8905.71
AS-IW,2026,1,99261.87,7,14180.27
Board cut,2026,1,122200.42,9,13577.82
Panel EW,2026,1,83669.61,9,9296.62
Bathroom,2026,1,73935.01,7,10562.14
SL-IW,2026,1,43269.25,8,5408.66
Window,2026,1,102882.55,11,9352.96
FL&CL,2026,1,75798.49,8,9474.81
Forklift,2026,1,61844.32,7,8834.9
SL-EW,2026,1,55475.0,8,6934.37
EE,2026,1,85286.53,12,7107.21
AS-EW,2026,1,98818.72,9,10979.86
Floor Board,2026,1,70002.35,6,11667.06
AS-IW,2026,2,94410.8,9,10490.09
Board cut,2026,2,112578.73,10,11257.87
Panel EW,2026,2,76500.37,10,7650.04
Bathroom,2026,2,64291.94,8,8036.49
SL-IW,2026,2,58037.29,8,7254.66
Window,2026,2,94957.57,8,11869.7
FL&CL,2026,2,68914.1,8,8614.26
Forklift,2026,2,47643.38,7,6806.2
SL-EW,2026,2,48575.24,9,5397.25
EE,2026,2,78724.21,9,8747.13
AS-EW,2026,2,99398.42,9,11044.27
Floor Board,2026,2,70919.54,8,8864.94
AS-IW,2026,3,98371.0,9,10930.11
Board cut,2026,3,98977.02,10,9897.7
Panel EW,2026,3,88484.21,10,8848.42
Bathroom,2026,3,68909.01,10,6890.9
SL-IW,2026,3,59440.8,8,7430.1
Window,2026,3,84657.36,9,9406.37
FL&CL,2026,3,75226.8,10,7522.68
Forklift,2026,3,53864.4,7,7694.91
SL-EW,2026,3,50496.47,9,5610.72
EE,2026,3,67076.82,6,11179.47
AS-EW,2026,3,89267.83,8,11158.48
Floor Board,2026,3,64275.56,8,8034.44
AS-IW,2026,4,95859.58,11,8714.51
Board cut,2026,4,117683.73,10,11768.37
Panel EW,2026,4,85168.13,7,12166.88
Bathroom,2026,4,70525.37,8,8815.67
SL-IW,2026,4,64027.54,7,9146.79
Window,2026,4,80684.43,10,8068.44
FL&CL,2026,4,75121.25,7,10731.61
Forklift,2026,4,50500.63,9,5611.18
SL-EW,2026,4,44296.09,10,4429.61
EE,2026,4,71745.12,9,7971.68
AS-EW,2026,4,92321.32,10,9232.13
Floor Board,2026,4,65312.06,8,8164.01
AS-IW,2026,5,101094.48,8,12636.81
Board cut,2026,5,122832.86,9,13648.1
Panel EW,2026,5,81938.41,8,10242.3
Bathroom,2026,5,50397.06,8,6299.63
SL-IW,2026,5,75862.02,9,8429.11
Window,2026,5,91963.93,9,10218.21
FL&CL,2026,5,74675.33,9,8297.26
Forklift,2026,5,49916.71,9,5546.3
SL-EW,2026,5,56909.14,9,6323.24
EE,2026,5,81556.13,9,9061.79
AS-EW,2026,5,100501.39,10,10050.14
Floor Board,2026,5,68031.56,8,8503.94
AS-IW,2026,6,98294.44,11,8935.86
Board cut,2026,6,107237.06,8,13404.63
Panel EW,2026,6,81683.47,9,9075.94
Bathroom,2026,6,64746.55,9,7194.06
SL-IW,2026,6,58120.19,10,5812.02
Window,2026,6,79583.68,8,9947.96
FL&CL,2026,6,71581.17,7,10225.88
Forklift,2026,6,54157.17,10,5415.72
SL-EW,2026,6,51090.52,8,6386.31
EE,2026,6,68886.81,8,8610.85
AS-EW,2026,6,91185.02,9,10131.67
Floor Board,2026,6,75643.46,9,8404.83
AS-IW,2026,7,80613.09,10,8061.31
Board cut,2026,7,105450.62,11,9586.42
Panel EW,2026,7,81585.63,8,10198.2
Bathroom,2026,7,52057.79,7,7436.83
SL-IW,2026,7,51723.96,9,5747.11
Window,2026,7,85616.12,9,9512.9
FL&CL,2026,7,62593.58,9,6954.84
Forklift,2026,7,44322.36,10,4432.24
SL-EW,2026,7,35892.38,8,4486.55
EE,2026,7,80449.16,9,8938.8
AS-EW,2026,7,82346.74,9,9149.64
Floor Board,2026,7,59635.45,10,5963.54
AS-IW,2026,8,61808.95,11,5619.0
Board cut,2026,8,79593.8,10,7959.38
Panel EW,2026,8,59447.25,10,5944.72
Bathroom,2026,8,39376.55,9,4375.17
SL-IW,2026,8,57846.8,6,9641.13
Window,2026,8,69689.66,8,8711.21
FL&CL,2026,8,58049.33,9,6449.93
Forklift,2026,8,38587.67,9,4287.52
SL-EW,2026,8,49998.33,8,6249.79
EE,2026,8,63076.91,7,9010.99
AS-EW,2026,8,66077.15,10,6607.72
Floor Board,2026,8,61134.35,9,6792.71
AS-IW,2026,9,67766.23,9,7529.58
Board cut,2026,9,74254.23,11,6750.38
Panel EW,2026,9,62826.47,8,7853.31
Bathroom,2026,9,42600.12,9,4733.35
SL-IW,2026,9,39772.03,8,4971.5
Window,2026,9,76186.86,9,8465.21
FL&CL,2026,9,49326.38,8,6165.8
Forklift,2026,9,43829.48,8,5478.68
SL-EW,2026,9,32440.06,9,3604.45
EE,2026,9,63022.07,8,7877.76
AS-EW,2026,9,55417.31,11,5037.94
Floor Board,2026,9,44340.62,9,4926.74
AS-IW,2026,10,63259.5,11,5750.86
Board cut,2026,10,80870.51,11,7351.86
Panel EW,2026,10,62108.35,8,7763.54
Bathroom,2026,10,46523.08,9,5169.23
SL-IW,2026,10,46336.31,9,5148.48
Window,2026,10,80410.06,7,11487.15
FL&CL,2026,10,65197.28,9,7244.14
Forklift,2026,10,37043.89,6,6173.98
SL-EW,2026,10,38037.52,9,4226.39
EE,2026,10,57993.06,11,5272.1
AS-EW,2026,10,63108.72,9,7012.08
Floor Board,2026,10,44715.29,9,4968.37
AS-IW,2026,11,92603.16,9,10289.24
Board cut,2026,11,86836.0,10,8683.6
Panel EW,2026,11,74722.82,9,8302.54
Bathroom,2026,11,64337.63,7,9191.09
SL-IW,2026,11,57209.37,10,5720.94
Window,2026,11,69020.59,10,6902.06
FL&CL,2026,11,61487.58,8,7685.95
Forklift,2026,11,51419.27,7,7345.61
SL-EW,2026,11,41484.1,8,5185.51
EE,2026,11,61784.05,7,8826.29
AS-EW,2026,11,87563.21,8,10945.4
Floor Board,2026,11,64715.68,9,7190.63
AS-IW,2026,12,87328.46,9,9703.16
Board cut,2026,12,121836.36,9,13537.37
Panel EW,2026,12,77908.47,9,8656.5
Bathroom,2026,12,68406.84,8,8550.86
SL-IW,2026,12,55874.34,10,5587.43
Window,2026,12,99622.5,10,9962.25
FL&CL,2026,12,72712.61,8,9089.08
Forklift,2026,12,50229.63,9,5581.07
SL-EW,2026,12,53475.59,9,5941.73
EE,2026,12,80350.5,7,11478.64
AS-EW,2026,12,99747.89,8,12468.49
Floor Board,2026,12,65649.77,9,7294.42
AS-IW,2027,1,115323.35,13,8871.03
Board cut,2027,1,124963.49,10,12496.35
Panel EW,2027,1,88582.58,10,8858.26
Bathroom,2027,1,65477.74,10,6547.77
SL-IW,2027,1,64288.72,9,7143.19
Window,2027,1,98358.0,10,9835.8
FL&CL,2027,1,81422.29,8,10177.79
Forklift,2027,1,55065.04,7,7866.43
SL-EW,2027,1,56558.41,9,6284.27
EE,2027,1,83628.74,11,7602.61
AS-EW,2027,1,98822.32,10,9882.23
Floor Board,2027,1,65344.99,8,8168.12
AS-IW,2027,2,105196.41,10,10519.64
Board cut,2027,2,116828.63,10,11682.86
Panel EW,2027,2,74346.69,8,9293.34
Bathroom,2027,2,71226.98,9,7914.11
SL-IW,2027,2,64496.37,8,8062.05
Window,2027,2,92280.94,8,11535.12
FL&CL,2027,2,78862.28,9,8762.48
Forklift,2027,2,60052.17,7,8578.88
SL-EW,2027,2,39787.69,9,4420.85
EE,2027,2,76188.6,8,9523.57
AS-EW,2027,2,100791.75,9,11199.08
Floor Board,2027,2,76636.62,9,8515.18
AS-IW,2027,3,103279.72,8,12909.96
Board cut,2027,3,123698.36,10,12369.84
Panel EW,2027,3,79714.24,9,8857.14
Bathroom,2027,3,54024.09,9,6002.68
SL-IW,2027,3,54193.17,6,9032.2
Window,2027,3,81419.94,10,8141.99
FL&CL,2027,3,69530.12,10,6953.01
Forklift,2027,3,52842.49,6,8807.08
SL-EW,2027,3,45046.05,9,5005.12
EE,2027,3,76682.41,8,9585.3
AS-EW,2027,3,95826.31,10,9582.63
Floor Board,2027,3,75697.99,10,7569.8
AS-IW,2027,4,98864.57,8,12358.07
Board cut,2027,4,116111.64,10,11611.16
Panel EW,2027,4,77671.38,8,9708.92
Bathroom,2027,4,67947.41,8,8493.43
SL-IW,2027,4,61689.15,7,8812.74
Window,2027,4,90856.16,8,11357.02
FL&CL,2027,4,80010.5,10,8001.05
Forklift,2027,4,46022.93,7,6574.7
SL-EW,2027,4,43728.57,7,6246.94
EE,2027,4,78560.99,7,11223.0
AS-EW,2027,4,91099.71,8,11387.46
Floor Board,2027,4,71520.6,8,8940.08
AS-IW,2027,5,99018.92,10,9901.89
Board cut,2027,5,118043.07,10,11804.31
Panel EW,2027,5,95416.26,10,9541.63
Bathroom,2027,5,59604.26,9,6622.7
SL-IW,2027,5,67776.68,7,9682.38
Window,2027,5,99275.12,11,9025.01
FL&CL,2027,5,69653.38,7,9950.48
Forklift,2027,5,64520.82,8,8065.1
SL-EW,2027,5,57230.26,8,7153.78
EE,2027,5,83226.28,7,11889.47
AS-EW,2027,5,105139.81,11,9558.16
Floor Board,2027,5,70518.86,8,8814.86
AS-IW,2027,6,90918.55,10,9091.86
Board cut,2027,6,120947.14,10,12094.71
Panel EW,2027,6,89441.72,8,11180.22
Bathroom,2027,6,68673.64,7,9810.52
SL-IW,2027,6,60792.29,8,7599.04
Window,2027,6,92752.25,9,10305.81
FL&CL,2027,6,73201.96,10,7320.2
Forklift,2027,6,53960.61,6,8993.44
SL-EW,2027,6,62726.3,9,6969.59
EE,2027,6,70589.62,10,7058.96
AS-EW,2027,6,92734.95,10,9273.5
Floor Board,2027,6,71403.74,8,8925.47
AS-IW,2027,7,84743.26,9,9415.92
Board cut,2027,7,99504.5,9,11056.06
Panel EW,2027,7,73486.98,8,9185.87
Bathroom,2027,7,62426.56,10,6242.66
SL-IW,2027,7,50964.98,8,6370.62
Window,2027,7,84666.06,10,8466.61
FL&CL,2027,7,66567.88,9,7396.43
Forklift,2027,7,53449.84,6,8908.31
SL-EW,2027,7,51882.34,9,5764.7
EE,2027,7,65421.38,9,7269.04
AS-EW,2027,7,89656.87,9,9961.87
Floor Board,2027,7,68661.07,11,6241.92
AS-IW,2027,8,72225.7,8,9028.21
Board cut,2027,8,92145.68,11,8376.88
Panel EW,2027,8,62175.27,11,5652.3
Bathroom,2027,8,42147.68,9,4683.08
SL-IW,2027,8,43198.86,10,4319.89
Window,2027,8,82206.13,8,10275.77
FL&CL,2027,8,53572.55,10,5357.25
Forklift,2027,8,41165.96,8,5145.74
SL-EW,2027,8,40295.78,5,8059.16
EE,2027,8,60132.15,8,7516.52
AS-EW,2027,8,70637.59,11,6421.6
Floor Board,2027,8,45985.56,9,5109.51
AS-IW,2027,9,69697.52,9,7744.17
Board cut,2027,9,88525.93,10,8852.59
Panel EW,2027,9,62382.58,10,6238.26
Bathroom,2027,9,44558.65,8,5569.83
SL-IW,2027,9,36932.5,7,5276.07
Window,2027,9,82859.67,11,7532.7
FL&CL,2027,9,44646.25,7,6378.04
Forklift,2027,9,43231.5,9,4803.5
SL-EW,2027,9,40530.5,7,5790.07
EE,2027,9,55103.07,9,6122.56
AS-EW,2027,9,68783.56,7,9826.22
Floor Board,2027,9,48270.8,7,6895.83
AS-IW,2027,10,77992.88,13,5999.45
Board cut,2027,10,92527.66,10,9252.77
Panel EW,2027,10,69091.27,9,7676.81
Bathroom,2027,10,52699.88,9,5855.54
SL-IW,2027,10,59173.29,7,8453.33
Window,2027,10,73092.83,8,9136.6
FL&CL,2027,10,60202.97,7,8600.42
Forklift,2027,10,40984.54,8,5123.07
SL-EW,2027,10,45998.35,9,5110.93
EE,2027,10,52740.87,9,5860.1
AS-EW,2027,10,69338.85,8,8667.36
Floor Board,2027,10,52222.5,8,6527.81
AS-IW,2027,11,104006.15,10,10400.61
Board cut,2027,11,96735.94,9,10748.44
Panel EW,2027,11,80018.35,11,7274.4
Bathroom,2027,11,48818.35,6,8136.39
SL-IW,2027,11,65671.09,9,7296.79
Window,2027,11,76458.19,10,7645.82
FL&CL,2027,11,50297.66,9,5588.63
Forklift,2027,11,52523.28,9,5835.92
SL-EW,2027,11,40584.02,8,5073.0
EE,2027,11,64448.55,9,7160.95
AS-EW,2027,11,80184.82,9,8909.42
Floor Board,2027,11,56248.31,9,6249.81
AS-IW,2027,12,105255.91,9,11695.1
Board cut,2027,12,117744.23,8,14718.03
Panel EW,2027,12,80897.54,9,8988.62
Bathroom,2027,12,81010.76,7,11572.97
SL-IW,2027,12,69718.66,9,7746.52
Window,2027,12,93084.22,11,8462.2
FL&CL,2027,12,76223.43,9,8469.27
Forklift,2027,12,56262.48,9,6251.39
SL-EW,2027,12,58807.62,7,8401.09
EE,2027,12,70427.72,8,8803.46
AS-EW,2027,12,90952.57,9,10105.84
Floor Board,2027,12,77063.03,8,9632.88
AS-IW,2028,1,105592.8,10,10559.28
Board cut,2028,1,129348.97,7,18478.42
Panel EW,2028,1,83800.89,9,9311.21
Bathroom,2028,1,76232.91,8,9529.11
SL-IW,2028,1,53170.96,9,5907.88
Window,2028,1,92833.24,8,11604.15
FL&CL,2028,1,74490.69,8,9311.34
Forklift,2028,1,56199.64,5,11239.93
SL-EW,2028,1,60608.35,9,6734.26
EE,2028,1,86748.06,7,12392.58
AS-EW,2028,1,100038.63,9,11115.4
Floor Board,2028,1,77227.37,9,8580.82
AS-IW,2028,2,99062.25,10,9906.23
Board cut,2028,2,124205.29,12,10350.44
Panel EW,2028,2,89700.02,10,8970.0
Bathroom,2028,2,67981.63,10,6798.16
SL-IW,2028,2,65438.67,7,9348.38
Window,2028,2,102890.36,10,10289.04
FL&CL,2028,2,73817.56,8,9227.2
Forklift,2028,2,60260.97,9,6695.66
SL-EW,2028,2,55166.69,8,6895.84
EE,2028,2,91174.15,10,9117.41
AS-EW,2028,2,100112.53,10,10011.25
Floor Board,2028,2,65782.1,9,7309.12
AS-IW,2028,3,112433.61,9,12492.62
Board cut,2028,3,114157.67,9,12684.19
Panel EW,2028,3,77374.28,8,9671.78
Bathroom,2028,3,64023.33,7,9146.19
SL-IW,2028,3,61923.66,9,6880.41
Window,2028,3,87298.39,11,7936.22
FL&CL,2028,3,78143.98,10,7814.4
Forklift,2028,3,53466.52,9,5940.72
SL-EW,2028,3,46445.5,9,5160.61
EE,2028,3,80526.69,9,8947.41
AS-EW,2028,3,90107.78,8,11263.47
Floor Board,2028,3,74246.17,7,10606.6
AS-IW,2028,4,106246.53,8,13280.82
Board cut,2028,4,126550.65,9,14061.18
Panel EW,2028,4,88786.78,10,8878.68
Bathroom,2028,4,63298.04,9,7033.12
SL-IW,2028,4,64542.75,7,9220.39
Window,2028,4,88418.81,7,12631.26
FL&CL,2028,4,78573.73,7,11224.82
Forklift,2028,4,59053.58,8,7381.7
SL-EW,2028,4,58057.79,7,8293.97
EE,2028,4,78997.72,10,7899.77
AS-EW,2028,4,100979.06,10,10097.91
Floor Board,2028,4,74792.85,7,10684.69
AS-IW,2028,5,110390.47,10,11039.05
Board cut,2028,5,118158.29,10,11815.83
Panel EW,2028,5,87205.24,9,9689.47
Bathroom,2028,5,71035.6,10,7103.56
SL-IW,2028,5,70920.88,7,10131.55
Window,2028,5,100377.83,11,9125.26
FL&CL,2028,5,80557.61,10,8055.76
Forklift,2028,5,71901.74,9,7989.08
SL-EW,2028,5,56721.8,9,6302.42
EE,2028,5,83708.25,9,9300.92
AS-EW,2028,5,99139.09,11,9012.64
Floor Board,2028,5,68724.03,10,6872.4
AS-IW,2028,6,105526.28,8,13190.79
Board cut,2028,6,122563.8,8,15320.47
Panel EW,2028,6,88449.35,10,8844.93
Bathroom,2028,6,63311.36,8,7913.92
SL-IW,2028,6,74132.74,7,10590.39
Window,2028,6,87258.25,11,7932.57
FL&CL,2028,6,87556.42,9,9728.49
Forklift,2028,6,64018.88,10,6401.89
SL-EW,2028,6,49037.49,7,7005.36
EE,2028,6,87623.85,11,7965.8
AS-EW,2028,6,101446.69,8,12680.84
Floor Board,2028,6,83245.57,8,10405.7
AS-IW,2028,7,89599.04,10,8959.9
Board cut,2028,7,116866.98,11,10624.27
Panel EW,2028,7,78166.91,9,8685.21
Bathroom,2028,7,60006.65,9,6667.41
SL-IW,2028,7,40585.16,8,5073.15
Window,2028,7,85091.72,8,10636.46
FL&CL,2028,7,70029.58,8,8753.7
Forklift,2028,7,62312.34,10,6231.23
SL-EW,2028,7,45001.62,8,5625.2
EE,2028,7,71250.99,8,8906.37
AS-EW,2028,7,88796.97,8,11099.62
Floor Board,2028,7,56944.91,9,6327.21
AS-IW,2028,8,82580.28,8,10322.54
Board cut,2028,8,97880.13,9,10875.57
Panel EW,2028,8,66617.21,10,6661.72
Bathroom,2028,8,51191.65,9,5687.96
SL-IW,2028,8,44868.53,8,5608.57
Window,2028,8,70715.51,8,8839.44
FL&CL,2028,8,57185.13,7,8169.3
Forklift,2028,8,41593.96,8,5199.25
SL-EW,2028,8,39577.59,8,4947.2
EE,2028,8,61301.41,9,6811.27
AS-EW,2028,8,80623.99,9,8958.22
Floor Board,2028,8,47600.35,7,6800.05
AS-IW,2028,9,70174.81,9,7797.2
Board cut,2028,9,81190.75,8,10148.84
Panel EW,2028,9,57648.6,9,6405.4
Bathroom,2028,9,51242.8,8,6405.35
SL-IW,2028,9,42016.46,7,6002.35
Window,2028,9,66553.04,8,8319.13
FL&CL,2028,9,57467.74,6,9577.96
Forklift,2028,9,39158.5,8,4894.81
SL-EW,2028,9,39241.11,11,3567.37
EE,2028,9,59305.95,7,8472.28
AS-EW,2028,9,69347.06,7,9906.72
Floor Board,2028,9,50367.2,7,7195.31
AS-IW,2028,10,84295.45,9,9366.16
Board cut,2028,10,91807.4,9,10200.82
Panel EW,2028,10,75531.33,8,9441.42
Bathroom,2028,10,62388.67,9,6932.07
SL-IW,2028,10,50859.51,9,5651.06
Window,2028,10,74313.45,7,10616.21
FL&CL,2028,10,56572.47,10,5657.25
Forklift,2028,10,44247.5,6,7374.58
SL-EW,2028,10,40800.24,10,4080.02
EE,2028,10,69153.35,9,7683.71
AS-EW,2028,10,81085.58,9,9009.51
Floor Board,2028,10,44596.32,7,6370.9
AS-IW,2028,11,100987.2,9,11220.8
Board cut,2028,11,106081.71,10,10608.17
Panel EW,2028,11,87102.53,11,7918.41
Bathroom,2028,11,73058.24,8,9132.28
SL-IW,2028,11,57536.27,6,9589.38
Window,2028,11,92505.39,8,11563.17
FL&CL,2028,11,69012.29,7,9858.9
Forklift,2028,11,48246.29,7,6892.33
SL-EW,2028,11,44149.2,7,6307.03
EE,2028,11,68405.06,10,6840.51
AS-EW,2028,11,80997.65,10,8099.76
Floor Board,2028,11,71036.35,8,8879.54
AS-IW,2028,12,98219.59,9,10913.29
Board cut,2028,12,127436.25,10,12743.63
Panel EW,2028,12,81509.01,9,9056.56
Bathroom,2028,12,60251.75,9,6694.64
SL-IW,2028,12,64859.44,8,8107.43
Window,2028,12,88580.19,8,11072.52
FL&CL,2028,12,78989.8,10,7898.98
Forklift,2028,12,54126.25,9,6014.03
SL-EW,2028,12,40970.24,7,5852.89
EE,2028,12,80052.25,8,10006.53
AS-EW,2028,12,92450.36,8,11556.3
Floor Board,2028,12,73076.36,8,9134.54
AS-IW,2029,1,94920.74,7,13560.11
Board cut,2029,1,123552.43,11,11232.04
Panel EW,2029,1,73021.6,8,9127.7
Bathroom,2029,1,67505.64,10,6750.56
SL-IW,2029,1,63642.12,9,7071.35
Window,2029,1,99775.92,7,14253.7
FL&CL,2029,1,84694.12,9,9410.46
Forklift,2029,1,64290.99,13,4945.46
SL-EW,2029,1,44025.82,10,4402.58
EE,2029,1,83071.06,9,9230.12
AS-EW,2029,1,103366.18,9,11485.13
Floor Board,2029,1,71955.0,9,7995.0
AS-IW,2029,2,96808.36,10,9680.84
Board cut,2029,2,121833.61,9,13537.07
Panel EW,2029,2,84791.95,10,8479.2
Bathroom,2029,2,65860.64,9,7317.85
SL-IW,2029,2,60082.07,9,6675.79
Window,2029,2,100814.76,11,9164.98
FL&CL,2029,2,77228.96,9,8581.0
Forklift,2029,2,60451.37,10,6045.14
SL-EW,2029,2,50945.13,9,5660.57
EE,2029,2,81719.0,9,9079.89
AS-EW,2029,2,101857.07,10,10185.71
Floor Board,2029,2,72980.12,9,8108.9
AS-IW,2029,3,113445.96,11,10313.27
Board cut,2029,3,127275.18,10,12727.52
Panel EW,2029,3,80558.81,10,8055.88
Bathroom,2029,3,73067.53,10,7306.75
SL-IW,2029,3,59666.62,8,7458.33
Window,2029,3,85098.85,9,9455.43
FL&CL,2029,3,82832.17,8,10354.02
Forklift,2029,3,62612.63,8,7826.58
SL-EW,2029,3,56193.34,6,9365.56
EE,2029,3,81884.76,5,16376.95
AS-EW,2029,3,98335.12,7,14047.87
Floor Board,2029,3,79567.97,9,8840.89
AS-IW,2029,4,108711.43,11,9882.86
Board cut,2029,4,118637.28,12,9886.44
Panel EW,2029,4,93085.18,9,10342.8
Bathroom,2029,4,75886.37,7,10840.91
SL-IW,2029,4,59520.73,7,8502.96
Window,2029,4,93527.85,8,11690.98
FL&CL,2029,4,85620.84,8,10702.6
Forklift,2029,4,61978.0,7,8854.0
SL-EW,2029,4,44334.5,8,5541.81
EE,2029,4,71413.65,9,7934.85
AS-EW,2029,4,93096.67,12,7758.06
Floor Board,2029,4,79145.67,9,8793.96
AS-IW,2029,5,115932.37,8,14491.55
Board cut,2029,5,130454.5,10,13045.45
Panel EW,2029,5,91090.75,10,9109.07
Bathroom,2029,5,75058.08,9,8339.79
SL-IW,2029,5,56022.93,7,8003.28
Window,2029,5,98192.12,9,10910.24
FL&CL,2029,5,73303.65,11,6663.97
Forklift,2029,5,70339.74,9,7815.53
SL-EW,2029,5,56962.72,8,7120.34
EE,2029,5,79084.24,9,8787.14
AS-EW,2029,5,105185.77,8,13148.22
Floor Board,2029,5,77379.06,8,9672.38
AS-IW,2029,6,93502.15,8,11687.77
Board cut,2029,6,120719.37,12,10059.95
Panel EW,2029,6,90036.32,7,12862.33
Bathroom,2029,6,71361.22,6,11893.54
SL-IW,2029,6,70378.15,8,8797.27
Window,2029,6,95261.18,11,8660.11
FL&CL,2029,6,69848.02,7,9978.29
Forklift,2029,6,55817.4,9,6201.93
SL-EW,2029,6,45639.92,4,11409.98
EE,2029,6,79427.05,9,8825.23
AS-EW,2029,6,107587.57,9,11954.17
Floor Board,2029,6,70539.44,10,7053.94
AS-IW,2029,7,82555.42,9,9172.82
Board cut,2029,7,111224.92,11,10111.36
Panel EW,2029,7,74406.53,9,8267.39
Bathroom,2029,7,46226.91,7,6603.84
SL-IW,2029,7,59800.8,7,8542.97
Window,2029,7,85973.53,10,8597.35
FL&CL,2029,7,67255.83,9,7472.87
Forklift,2029,7,47226.23,8,5903.28
SL-EW,2029,7,52586.8,8,6573.35
EE,2029,7,69869.06,9,7763.23
AS-EW,2029,7,93984.41,7,13426.34
Floor Board,2029,7,72188.44,8,9023.56
AS-IW,2029,8,83217.54,11,7565.23
Board cut,2029,8,86463.18,9,9607.02
Panel EW,2029,8,64904.68,8,8113.08
Bathroom,2029,8,63016.97,7,9002.42
SL-IW,2029,8,45766.91,8,5720.86
Window,2029,8,66437.39,9,7381.93
FL&CL,2029,8,61526.38,8,7690.8
Forklift,2029,8,45032.71,7,6433.24
SL-EW,2029,8,32999.05,8,4124.88
EE,2029,8,73658.41,9,8184.27
AS-EW,2029,8,78509.03,10,7850.9
Floor Board,2029,8,48498.52,10,4849.85
AS-IW,2029,9,76038.72,11,6912.61
Board cut,2029,9,83439.55,12,6953.3
Panel EW,2029,9,66462.68,10,6646.27
Bathroom,2029,9,50202.9,8,6275.36
SL-IW,2029,9,52748.69,8,6593.59
Window,2029,9,56515.83,8,7064.48
FL&CL,2029,9,54190.18,9,6021.13
Forklift,2029,9,41952.72,9,4661.41
SL-EW,2029,9,27332.39,8,3416.55
EE,2029,9,47650.62,10,4765.06
AS-EW,2029,9,71004.75,10,7100.47
Floor Board,2029,9,46868.7,10,4686.87
AS-IW,2029,10,86914.95,10,8691.49
Board cut,2029,10,93916.12,11,8537.83
Panel EW,2029,10,62394.62,10,6239.46
Bathroom,2029,10,62504.23,10,6250.42
SL-IW,2029,10,44722.57,9,4969.17
Window,2029,10,65891.44,10,6589.14
FL&CL,2029,10,62325.28,6,10387.55
Forklift,2029,10,38622.33,8,4827.79
SL-EW,2029,10,40280.72,6,6713.45
EE,2029,10,65462.69,9,7273.63
AS-EW,2029,10,75991.83,8,9498.98
Floor Board,2029,10,62406.75,10,6240.67
AS-IW,2029,11,90872.51,9,10096.95
Board cut,2029,11,113029.62,10,11302.96
Panel EW,2029,11,76628.99,10,7662.9
Bathroom,2029,11,49700.74,10,4970.07
SL-IW,2029,11,57515.83,8,7189.48
Window,2029,11,85084.22,9,9453.8
FL&CL,2029,11,58923.92,10,5892.39
Forklift,2029,11,53250.58,8,6656.32
SL-EW,2029,11,54634.8,7,7804.97
EE,2029,11,76229.08,8,9528.64
AS-EW,2029,11,94777.37,7,13539.62
Floor Board,2029,11,64639.43,8,8079.93
AS-IW,2029,12,107542.58,10,10754.26
Board cut,2029,12,118955.24,9,13217.25
Panel EW,2029,12,86033.01,8,10754.13
Bathroom,2029,12,73496.9,8,9187.11
SL-IW,2029,12,46440.07,8,5805.01
Window,2029,12,89591.74,7,12798.82
FL&CL,2029,12,70146.44,9,7794.05
Forklift,2029,12,67290.84,8,8411.36
SL-EW,2029,12,51116.98,8,6389.62
EE,2029,12,79379.46,8,9922.43
AS-EW,2029,12,93459.82,7,13351.4
Floor Board,2029,12,70668.46,9,7852.05
AS-IW,2030,1,110270.77,9,12252.31
Board cut,2030,1,124454.39,11,11314.04
Panel EW,2030,1,83669.37,10,8366.94
Bathroom,2030,1,66280.51,7,9468.64
SL-IW,2030,1,58673.51,7,8381.93
Window,2030,1,107063.21,10,10706.32
FL&CL,2030,1,87803.52,9,9755.95
Forklift,2030,1,56032.62,8,7004.08
SL-EW,2030,1,53153.86,9,5905.98
EE,2030,1,79571.84,10,7957.18
AS-EW,2030,1,111388.65,11,10126.24
Floor Board,2030,1,74655.28,9,8295.03
AS-IW,2030,2,122045.42,9,13560.6
Board cut,2030,2,117989.71,8,14748.71
Panel EW,2030,2,93787.35,7,13398.19
Bathroom,2030,2,68432.72,9,7603.64
SL-IW,2030,2,67066.58,9,7451.84
Window,2030,2,100267.03,11,9115.18
FL&CL,2030,2,74374.96,8,9296.87
Forklift,2030,2,56608.46,9,6289.83
SL-EW,2030,2,61935.7,8,7741.96
EE,2030,2,91900.93,7,13128.7
AS-EW,2030,2,113647.75,11,10331.61
Floor Board,2030,2,79791.48,11,7253.77
AS-IW,2030,3,96436.99,9,10715.22
Board cut,2030,3,120465.2,11,10951.38
Panel EW,2030,3,81575.58,10,8157.56
Bathroom,2030,3,77599.34,9,8622.15
SL-IW,2030,3,66453.56,7,9493.37
Window,2030,3,92045.47,11,8367.77
FL&CL,2030,3,83302.37,9,9255.82
Forklift,2030,3,57618.52,6,9603.09
SL-EW,2030,3,49075.79,10,4907.58
EE,2030,3,75568.62,9,8396.51
AS-EW,2030,3,107796.31,8,13474.54
Floor Board,2030,3,75109.46,10,7510.95
AS-IW,2030,4,108430.51,13,8340.81
Board cut,2030,4,117188.35,11,10653.49
Panel EW,2030,4,88474.26,10,8847.43
Bathroom,2030,4,73314.48,7,10473.5
SL-IW,2030,4,67329.51,6,11221.58
Window,2030,4,102552.78,10,10255.28
FL&CL,2030,4,83920.82,10,8392.08
Forklift,2030,4,63450.14,8,7931.27
SL-EW,2030,4,51246.9,7,7320.99
EE,2030,4,91920.37,10,9192.04
AS-EW,2030,4,102215.74,9,11357.3
Floor Board,2030,4,69950.06,10,6995.01
AS-IW,2030,5,114843.01,12,9570.25
Board cut,2030,5,124858.92,10,12485.89
Panel EW,2030,5,92960.84,10,9296.08
Bathroom,2030,5,70999.81,7,10142.83
SL-IW,2030,5,72762.67,9,8084.74
Window,2030,5,95713.69,11,8701.24
FL&CL,2030,5,88954.18,9,9883.8
Forklift,2030,5,63132.22,9,7014.69
SL-EW,2030,5,52664.83,8,6583.1
EE,2030,5,73838.27,10,7383.83
AS-EW,2030,5,96661.97,11,8787.45
Floor Board,2030,5,75132.68,8,9391.58
AS-IW,2030,6,103604.5,9,11511.61
Board cut,2030,6,134555.29,7,19222.18
Panel EW,2030,6,96359.49,9,10706.61
Bathroom,2030,6,62782.37,7,8968.91
SL-IW,2030,6,75414.56,7,10773.51
Window,2030,6,91114.2,11,8283.11
FL&CL,2030,6,81392.42,7,11627.49
Forklift,2030,6,61987.65,7,8855.38
SL-EW,2030,6,62624.53,9,6958.28
EE,2030,6,87221.44,9,9691.27
AS-EW,2030,6,113269.73,9,12585.53
Floor Board,2030,6,67601.56,9,7511.28
AS-IW,2030,7,108454.17,8,13556.77
Board cut,2030,7,110453.96,11,10041.27
Panel EW,2030,7,78929.61,8,9866.2
Bathroom,2030,7,69299.33,11,6299.94
SL-IW,2030,7,59573.76,7,8510.54
Window,2030,7,78301.7,9,8700.19
FL&CL,2030,7,77533.88,9,8614.88
Forklift,2030,7,54211.34,7,7744.48
SL-EW,2030,7,43501.57,9,4833.51
EE,2030,7,80564.45,7,11509.21
AS-EW,2030,7,101305.71,10,10130.57
Floor Board,2030,7,75136.97,7,10733.85
AS-IW,2030,8,74331.14,9,8259.02
Board cut,2030,8,99895.16,12,8324.6
Panel EW,2030,8,72410.2,9,8045.58
Bathroom,2030,8,47663.15,10,4766.31
SL-IW,2030,8,44445.04,10,4444.5
Window,2030,8,73643.6,11,6694.87
FL&CL,2030,8,65071.13,8,8133.89
Forklift,2030,8,43528.8,8,5441.1
SL-EW,2030,8,45626.99,8,5703.37
EE,2030,8,61022.77,9,6780.31
AS-EW,2030,8,79409.46,7,11344.21
Floor Board,2030,8,60158.46,7,8594.07
AS-IW,2030,9,69631.48,7,9947.35
Board cut,2030,9,79101.42,8,9887.68
Panel EW,2030,9,58984.05,11,5362.19
Bathroom,2030,9,46769.6,8,5846.2
SL-IW,2030,9,48999.44,8,6124.93
Window,2030,9,69430.16,8,8678.77
FL&CL,2030,9,65287.09,11,5935.19
Forklift,2030,9,33172.27,7,4738.9
SL-EW,2030,9,38261.04,7,5465.86
EE,2030,9,62945.64,8,7868.21
AS-EW,2030,9,86213.49,11,7837.59
Floor Board,2030,9,54528.64,10,5452.86
AS-IW,2030,10,89161.49,9,9906.83
Board cut,2030,10,91981.15,10,9198.11
Panel EW,2030,10,73343.54,9,8149.28
Bathroom,2030,10,44359.38,7,6337.05
SL-IW,2030,10,49789.43,8,6223.68
Window,2030,10,87185.16,7,12455.02
FL&CL,2030,10,64031.08,10,6403.11
Forklift,2030,10,60273.88,7,8610.55
SL-EW,2030,10,46005.67,8,5750.71
EE,2030,10,65758.52,9,7306.5
AS-EW,2030,10,81553.85,6,13592.31
Floor Board,2030,10,61501.87,9,6833.54
AS-IW,2030,11,94603.04,12,7883.59
Board cut,2030,11,108573.13,10,10857.31
Panel EW,2030,11,91202.36,8,11400.29
Bathroom,2030,11,59267.5,8,7408.44
SL-IW,2030,11,63441.38,8,7930.17
Window,2030,11,79839.71,9,8871.08
FL&CL,2030,11,67266.49,8,8408.31
Forklift,2030,11,56780.82,8,7097.6
SL-EW,2030,11,39398.48,9,4377.61
EE,2030,11,76597.24,10,7659.72
AS-EW,2030,11,94431.86,11,8584.71
Floor Board,2030,11,69538.67,10,6953.87
AS-IW,2030,12,110504.4,9,12278.27
Board cut,2030,12,139678.71,11,12698.06
Panel EW,2030,12,92140.17,7,13162.88
Bathroom,2030,12,62294.65,9,6921.63
SL-IW,2030,12,66229.33,7,9461.33
Window,2030,12,98880.2,11,8989.11
FL&CL,2030,12,83533.51,7,11933.36
Forklift,2030,12,60018.85,7,8574.12
SL-EW,2030,12,53693.4,7,7670.49
EE,2030,12,81163.53,7,11594.79
AS-EW,2030,12,101936.67,9,11326.3
Floor Board,2030,12,57116.11,11,5192.37
